{
  "name": "QNEthernet",
  "description": "An lwIP-based Ethernet library for Teensy 4.1 and other platforms. This follows the Arduino-defined Ethernet API but is more full-featured. Additional features include: a more robust and complete API, an mDNS resolver, raw frame support, and many others.",
  "keywords": "ethernet, lwip",
  "authors": [
    {
      "name": "Shawn Silverman",
      "email": "shawn@pobox.com",
      "maintainer": true
    }
  ],
  "repository": {
    "type": "git",
    "url": "https://github.com/ssilverman/QNEthernet"
  },
  "version": "0.31.0-snapshot",
  "license": "AGPL-3.0-or-later",
  "homepage": "https://github.com/ssilverman/QNEthernet",
  "frameworks": "arduino",
  "platforms": "*"
}
